frame_number,center_x,center_y,width,height,angle_of_elevation,altitude
1,500,600,50,120,26.666666666666664,50.221887602274506
2,510,580,50,120,27.777777777777775,52.67446234565271
3,520,560,50,120,28.888888888888886,55.17766631902655
